Country Name,Year,Fertility_Rate
Afghanistan,2000,7.733
Afghanistan,2001,7.622999999999997
Afghanistan,2002,7.484
Afghanistan,2003,7.3210000000000015
Afghanistan,2004,7.136
Afghanistan,2005,6.93
Afghanistan,2006,6.702000000000001
Afghanistan,2007,6.456
Afghanistan,2008,6.1960000000000015
Afghanistan,2009,5.928
Afghanistan,2010,5.659
Albania,2000,2.383
Albania,2001,2.291
Albania,2002,2.195
Albania,2003,2.097
Albania,2004,2.004
Albania,2005,1.919
Albania,2006,1.849
Albania,2007,1.796
Albania,2008,1.761
Albania,2009,1.744
Albania,2010,1.741
Algeria,2000,2.514
Algeria,2001,2.439
Algeria,2002,2.407
Algeria,2003,2.412
Algeria,2004,2.448
Algeria,2005,2.507
Algeria,2006,2.58
Algeria,2007,2.656
Algeria,2008,2.725
Algeria,2009,2.781
Algeria,2010,2.817
American Samoa,2000,
American Samoa,2001,
American Samoa,2002,
American Samoa,2003,
American Samoa,2004,
American Samoa,2005,
American Samoa,2006,
American Samoa,2007,
American Samoa,2008,
American Samoa,2009,
American Samoa,2010,
Andorra,2000,
Andorra,2001,
Andorra,2002,
Andorra,2003,
Andorra,2004,
Andorra,2005,
Andorra,2006,1.24
Andorra,2007,1.18
Andorra,2008,1.25
Andorra,2009,1.19
Andorra,2010,1.22
Angola,2000,6.843999999999999
Angola,2001,6.811
Angola,2002,6.778
Angola,2003,6.742999999999999
Angola,2004,6.704
Angola,2005,6.657
Angola,2006,6.598
Angola,2007,6.523
Angola,2008,6.434
Angola,2009,6.331
Angola,2010,6.218
Antigua and Barbuda,2000,2.316
Antigua and Barbuda,2001,2.305
Antigua and Barbuda,2002,2.2880000000000003
Antigua and Barbuda,2003,2.268
Antigua and Barbuda,2004,2.246
Antigua and Barbuda,2005,2.224
Antigua and Barbuda,2006,2.2030000000000003
Antigua and Barbuda,2007,2.1830000000000003
Antigua and Barbuda,2008,2.164
Antigua and Barbuda,2009,2.146
Antigua and Barbuda,2010,2.13
Argentina,2000,2.477
Argentina,2001,2.424
Argentina,2002,2.379
Argentina,2003,2.34
Argentina,2004,2.31
Argentina,2005,2.286
Argentina,2006,2.268
Argentina,2007,2.254
Argentina,2008,2.241
Argentina,2009,2.228
Argentina,2010,2.215
Armenia,2000,1.6880000000000002
Armenia,2001,1.6840000000000002
Armenia,2002,1.692
Armenia,2003,1.704
Armenia,2004,1.715
Armenia,2005,1.724
Armenia,2006,1.7280000000000002
Armenia,2007,1.731
Armenia,2008,1.734
Armenia,2009,1.736
Armenia,2010,1.7380000000000002
Aruba,2000,1.874
Aruba,2001,1.848
Aruba,2002,1.825
Aruba,2003,1.805
Aruba,2004,1.786
Aruba,2005,1.769
Aruba,2006,1.754
Aruba,2007,1.739
Aruba,2008,1.726
Aruba,2009,1.713
Aruba,2010,1.7009999999999998
Australia,2000,1.756
Australia,2001,1.739
Australia,2002,1.756
Australia,2003,1.7480000000000002
Australia,2004,1.768
Australia,2005,1.807
Australia,2006,1.883
Australia,2007,1.931
Australia,2008,1.933
Australia,2009,1.857
Australia,2010,1.87
Austria,2000,1.36
Austria,2001,1.33
Austria,2002,1.39
Austria,2003,1.38
Austria,2004,1.42
Austria,2005,1.41
Austria,2006,1.41
Austria,2007,1.38
Austria,2008,1.41
Austria,2009,1.39
Austria,2010,1.44
Azerbaijan,2000,2.0
Azerbaijan,2001,1.8
Azerbaijan,2002,1.8
Azerbaijan,2003,1.9
Azerbaijan,2004,2.0540000000000003
Azerbaijan,2005,2.0
Azerbaijan,2006,1.97
Azerbaijan,2007,1.97
Azerbaijan,2008,1.9
Azerbaijan,2009,1.82
Azerbaijan,2010,1.92
"Bahamas, The",2000,2.071
"Bahamas, The",2001,1.989
"Bahamas, The",2002,1.924
"Bahamas, The",2003,1.88
"Bahamas, The",2004,1.857
"Bahamas, The",2005,1.853
"Bahamas, The",2006,1.862
"Bahamas, The",2007,1.876
"Bahamas, The",2008,1.889
"Bahamas, The",2009,1.898
"Bahamas, The",2010,1.901
Bahrain,2000,2.765
Bahrain,2001,2.718
Bahrain,2002,2.665
Bahrain,2003,2.602
Bahrain,2004,2.529
Bahrain,2005,2.449
Bahrain,2006,2.367
Bahrain,2007,2.292
Bahrain,2008,2.229
Bahrain,2009,2.1790000000000003
Bahrain,2010,2.142
Bangladesh,2000,3.12
Bangladesh,2001,3.011
Bangladesh,2002,2.905
Bangladesh,2003,2.802
Bangladesh,2004,2.702
Bangladesh,2005,2.607
Bangladesh,2006,2.52
Bangladesh,2007,2.443
Bangladesh,2008,2.377
Bangladesh,2009,2.322
Bangladesh,2010,2.277
Barbados,2000,1.768
Barbados,2001,1.78
Barbados,2002,1.791
Barbados,2003,1.801
Barbados,2004,1.81
Barbados,2005,1.817
Barbados,2006,1.822
Barbados,2007,1.827
Barbados,2008,1.831
Barbados,2009,1.835
Barbados,2010,1.839
Belarus,2000,1.31
Belarus,2001,1.27
Belarus,2002,1.22
Belarus,2003,1.21
Belarus,2004,1.2
Belarus,2005,1.21
Belarus,2006,1.287
Belarus,2007,1.37
Belarus,2008,1.42
Belarus,2009,1.42
Belarus,2010,1.44
Belgium,2000,1.67
Belgium,2001,1.663
Belgium,2002,1.66
Belgium,2003,1.66
Belgium,2004,1.72
Belgium,2005,1.76
Belgium,2006,1.8
Belgium,2007,1.82
Belgium,2008,1.86
Belgium,2009,1.84
Belgium,2010,1.84
Belize,2000,3.594
Belize,2001,3.4930000000000003
Belize,2002,3.395
Belize,2003,3.299
Belize,2004,3.208
Belize,2005,3.122
Belize,2006,3.043
Belize,2007,2.971
Belize,2008,2.907
Belize,2009,2.8510000000000004
Belize,2010,2.801
Benin,2000,5.975
Benin,2001,5.898
Benin,2002,5.818
Benin,2003,5.733
Benin,2004,5.645
Benin,2005,5.553
Benin,2006,5.459
Benin,2007,5.365
Benin,2008,5.273
Benin,2009,5.182
Benin,2010,5.095
Bermuda,2000,1.74
Bermuda,2001,
Bermuda,2002,
Bermuda,2003,
Bermuda,2004,
Bermuda,2005,1.7519999999999998
Bermuda,2006,1.754
Bermuda,2007,1.757
Bermuda,2008,1.759
Bermuda,2009,1.7619999999999998
Bermuda,2010,1.764
Bhutan,2000,3.608
Bhutan,2001,3.417
Bhutan,2002,3.237
Bhutan,2003,3.071
Bhutan,2004,2.923
Bhutan,2005,2.793
Bhutan,2006,2.682
Bhutan,2007,2.587
Bhutan,2008,2.506
Bhutan,2009,2.436
Bhutan,2010,2.375
Bolivia,2000,4.14
Bolivia,2001,4.062
Bolivia,2002,3.982
Bolivia,2003,3.897
Bolivia,2004,3.809
Bolivia,2005,3.72
Bolivia,2006,3.633
Bolivia,2007,3.551
Bolivia,2008,3.477
Bolivia,2009,3.4130000000000003
Bolivia,2010,3.357
Bosnia and Herzegovina,2000,1.381
Bosnia and Herzegovina,2001,1.325
Bosnia and Herzegovina,2002,1.275
Bosnia and Herzegovina,2003,1.236
Bosnia and Herzegovina,2004,1.21
Bosnia and Herzegovina,2005,1.199
Bosnia and Herzegovina,2006,1.199
Bosnia and Herzegovina,2007,1.207
Bosnia and Herzegovina,2008,1.218
Bosnia and Herzegovina,2009,1.23
Bosnia and Herzegovina,2010,1.242
Botswana,2000,3.4130000000000003
Botswana,2001,3.3160000000000003
Botswana,2002,3.227
Botswana,2003,3.148
Botswana,2004,3.079
Botswana,2005,3.017
Botswana,2006,2.962
Botswana,2007,2.91
Botswana,2008,2.86
Botswana,2009,2.8110000000000004
Botswana,2010,2.761
Brazil,2000,2.364
Brazil,2001,2.318
Brazil,2002,2.264
Brazil,2003,2.202
Brazil,2004,2.135
Brazil,2005,2.066
Brazil,2006,2.001
Brazil,2007,1.944
Brazil,2008,1.897
Brazil,2009,1.862
Brazil,2010,1.838
Brunei Darussalam,2000,2.401
Brunei Darussalam,2001,2.341
Brunei Darussalam,2002,2.292
Brunei Darussalam,2003,2.249
Brunei Darussalam,2004,2.211
Brunei Darussalam,2005,2.177
Brunei Darussalam,2006,2.147
Brunei Darussalam,2007,2.119
Brunei Darussalam,2008,2.095
Brunei Darussalam,2009,2.072
Brunei Darussalam,2010,2.051
Bulgaria,2000,1.26
Bulgaria,2001,1.21
Bulgaria,2002,1.21
Bulgaria,2003,1.23
Bulgaria,2004,1.29
Bulgaria,2005,1.32
Bulgaria,2006,1.38
Bulgaria,2007,1.42
Bulgaria,2008,1.48
Bulgaria,2009,1.57
Bulgaria,2010,1.49
Burkina Faso,2000,6.5920000000000005
Burkina Faso,2001,6.5310000000000015
Burkina Faso,2002,6.468
Burkina Faso,2003,6.403
Burkina Faso,2004,6.335
Burkina Faso,2005,6.265
Burkina Faso,2006,6.193
Burkina Faso,2007,6.1160000000000005
Burkina Faso,2008,6.037000000000001
Burkina Faso,2009,5.954
Burkina Faso,2010,5.869
Burundi,2000,7.057
Burundi,2001,7.0
Burundi,2002,6.939
Burundi,2003,6.8729999999999976
Burundi,2004,6.803
Burundi,2005,6.729
Burundi,2006,6.65
Burundi,2007,6.567
Burundi,2008,6.481
Burundi,2009,6.393
Burundi,2010,6.303999999999999
Cabo Verde,2000,3.701
Cabo Verde,2001,3.527
Cabo Verde,2002,3.357
Cabo Verde,2003,3.192
Cabo Verde,2004,3.037
Cabo Verde,2005,2.895
Cabo Verde,2006,2.77
Cabo Verde,2007,2.66
Cabo Verde,2008,2.567
Cabo Verde,2009,2.49
Cabo Verde,2010,2.427
Cambodia,2000,3.75
Cambodia,2001,3.619
Cambodia,2002,3.504
Cambodia,2003,3.401
Cambodia,2004,3.31
Cambodia,2005,3.23
Cambodia,2006,3.162
Cambodia,2007,3.102
Cambodia,2008,3.051
Cambodia,2009,3.007
Cambodia,2010,2.966
Cameroon,2000,5.621
Cameroon,2001,5.567
Cameroon,2002,5.515
Cameroon,2003,5.464
Cameroon,2004,5.412999999999999
Cameroon,2005,5.358
Cameroon,2006,5.299
Cameroon,2007,5.235
Cameroon,2008,5.167000000000002
Cameroon,2009,5.093999999999999
Cameroon,2010,5.017
Canada,2000,1.49
Canada,2001,1.505
Canada,2002,1.52
Canada,2003,1.53
Canada,2004,1.53
Canada,2005,1.54
Canada,2006,1.586
Canada,2007,1.659
Canada,2008,1.681
Canada,2009,1.668
Canada,2010,1.6269999999999998
Cayman Islands,2000,
Cayman Islands,2001,
Cayman Islands,2002,
Cayman Islands,2003,
Cayman Islands,2004,
Cayman Islands,2005,
Cayman Islands,2006,
Cayman Islands,2007,
Cayman Islands,2008,
Cayman Islands,2009,
Cayman Islands,2010,
Central African Republic,2000,5.4460000000000015
Central African Republic,2001,5.393
Central African Republic,2002,5.329
Central African Republic,2003,5.2570000000000014
Central African Republic,2004,5.176
Central African Republic,2005,5.089
Central African Republic,2006,4.997
Central African Republic,2007,4.9030000000000005
Central African Republic,2008,4.809
Central African Republic,2009,4.716
Central African Republic,2010,4.626
Chad,2000,7.354
Chad,2001,7.315
Chad,2002,7.268
Chad,2003,7.2120000000000015
Chad,2004,7.147
Chad,2005,7.074
Chad,2006,6.992000000000001
Chad,2007,6.902
Chad,2008,6.805
Chad,2009,6.702000000000001
Chad,2010,6.596
Channel Islands,2000,1.402
Channel Islands,2001,1.404
Channel Islands,2002,1.408
Channel Islands,2003,1.411
Channel Islands,2004,1.413
Channel Islands,2005,1.415
Channel Islands,2006,1.4169999999999998
Channel Islands,2007,1.42
Channel Islands,2008,1.4240000000000002
Channel Islands,2009,1.43
Channel Islands,2010,1.436
Chile,2000,2.087
Chile,2001,2.047
Chile,2002,2.014
Chile,2003,1.985
Chile,2004,1.96
Chile,2005,1.939
Chile,2006,1.92
Chile,2007,1.903
Chile,2008,1.888
Chile,2009,1.873
Chile,2010,1.858
China,2000,1.51
China,2001,1.514
China,2002,1.527
China,2003,1.546
China,2004,1.5659999999999998
China,2005,1.585
China,2006,1.602
China,2007,1.617
China,2008,1.63
China,2009,1.642
China,2010,1.65
Colombia,2000,2.64
Colombia,2001,2.603
Colombia,2002,2.57
Colombia,2003,2.542
Colombia,2004,2.518
Colombia,2005,2.496
Colombia,2006,2.475
Colombia,2007,2.454
Colombia,2008,2.43
Colombia,2009,2.405
Colombia,2010,2.376
Comoros,2000,5.315
Comoros,2001,5.313
Comoros,2002,5.303
Comoros,2003,5.283
Comoros,2004,5.254
Comoros,2005,5.216
Comoros,2006,5.167999999999998
Comoros,2007,5.112
Comoros,2008,5.051
Comoros,2009,4.9860000000000015
Comoros,2010,4.919
"Congo, Dem. Rep.",2000,7.089
"Congo, Dem. Rep.",2001,7.027
"Congo, Dem. Rep.",2002,6.96
"Congo, Dem. Rep.",2003,6.8870000000000005
"Congo, Dem. Rep.",2004,6.809
"Congo, Dem. Rep.",2005,6.728
"Congo, Dem. Rep.",2006,6.642
"Congo, Dem. Rep.",2007,6.55
"Congo, Dem. Rep.",2008,6.454
"Congo, Dem. Rep.",2009,6.354
"Congo, Dem. Rep.",2010,6.251
"Congo, Rep.",2000,5.134
"Congo, Rep.",2001,5.131
"Congo, Rep.",2002,5.127999999999999
"Congo, Rep.",2003,5.125
"Congo, Rep.",2004,5.122000000000001
"Congo, Rep.",2005,5.119
"Congo, Rep.",2006,5.114
"Congo, Rep.",2007,5.109
"Congo, Rep.",2008,5.101
"Congo, Rep.",2009,5.089
"Congo, Rep.",2010,5.072
Costa Rica,2000,2.414
Costa Rica,2001,2.345
Costa Rica,2002,2.275
Costa Rica,2003,2.204
Costa Rica,2004,2.134
Costa Rica,2005,2.067
Costa Rica,2006,2.006
Costa Rica,2007,1.953
Costa Rica,2008,1.909
Costa Rica,2009,1.874
Costa Rica,2010,1.847
Cote d'Ivoire,2000,5.375
Cote d'Ivoire,2001,5.289
Cote d'Ivoire,2002,5.207000000000002
Cote d'Ivoire,2003,5.13
Cote d'Ivoire,2004,5.06
Cote d'Ivoire,2005,5.0
Cote d'Ivoire,2006,4.956
Cote d'Ivoire,2007,4.928
Cote d'Ivoire,2008,4.913
Cote d'Ivoire,2009,4.909
Cote d'Ivoire,2010,4.91
Croatia,2000,1.39
Croatia,2001,1.38
Croatia,2002,1.34
Croatia,2003,1.33
Croatia,2004,1.35
Croatia,2005,1.41
Croatia,2006,1.38
Croatia,2007,1.4
Croatia,2008,1.47
Croatia,2009,1.5
Croatia,2010,1.46
Cuba,2000,1.626
Cuba,2001,1.626
Cuba,2002,1.621
Cuba,2003,1.61
Cuba,2004,1.592
Cuba,2005,1.57
Cuba,2006,1.545
Cuba,2007,1.52
Cuba,2008,1.4980000000000002
Cuba,2009,1.48
Cuba,2010,1.467
Curacao,2000,
Curacao,2001,
Curacao,2002,
Curacao,2003,
Curacao,2004,
Curacao,2005,
Curacao,2006,2.1
Curacao,2007,2.0
Curacao,2008,2.2
Curacao,2009,2.1
Curacao,2010,2.2
Cyprus,2000,1.714
Cyprus,2001,1.658
Cyprus,2002,1.6130000000000002
Cyprus,2003,1.577
Cyprus,2004,1.5490000000000002
Cyprus,2005,1.529
Cyprus,2006,1.514
Cyprus,2007,1.503
Cyprus,2008,1.493
Cyprus,2009,1.485
Cyprus,2010,1.4780000000000002
Czech Republic,2000,1.14
Czech Republic,2001,1.14
Czech Republic,2002,1.17
Czech Republic,2003,1.18
Czech Republic,2004,1.23
Czech Republic,2005,1.28
Czech Republic,2006,1.33
Czech Republic,2007,1.44
Czech Republic,2008,1.5
Czech Republic,2009,1.49
Czech Republic,2010,1.49
Denmark,2000,1.77
Denmark,2001,1.74
Denmark,2002,1.72
Denmark,2003,1.76
Denmark,2004,1.78
Denmark,2005,1.8
Denmark,2006,1.85
Denmark,2007,1.84
Denmark,2008,1.89
Denmark,2009,1.84
Denmark,2010,1.87
Djibouti,2000,4.468999999999999
Djibouti,2001,4.353
Djibouti,2002,4.253
Djibouti,2003,4.16
Djibouti,2004,4.074
Djibouti,2005,3.991
Djibouti,2006,3.911
Djibouti,2007,3.832
Djibouti,2008,3.755
Djibouti,2009,3.679
Djibouti,2010,3.604
Dominica,2000,
Dominica,2001,
Dominica,2002,1.9
Dominica,2003,1.9
Dominica,2004,
Dominica,2005,
Dominica,2006,
Dominica,2007,
Dominica,2008,
Dominica,2009,
Dominica,2010,
Dominican Republic,2000,2.892
Dominican Republic,2001,2.863
Dominican Republic,2002,2.8360000000000003
Dominican Republic,2003,2.809
Dominican Republic,2004,2.781
Dominican Republic,2005,2.7510000000000003
Dominican Republic,2006,2.719
Dominican Republic,2007,2.6860000000000004
Dominican Republic,2008,2.652
Dominican Republic,2009,2.6180000000000003
Dominican Republic,2010,2.584
Ecuador,2000,3.068
Ecuador,2001,3.025
Ecuador,2002,2.983
Ecuador,2003,2.94
Ecuador,2004,2.897
Ecuador,2005,2.853
Ecuador,2006,2.81
Ecuador,2007,2.768
Ecuador,2008,2.728
Ecuador,2009,2.69
Ecuador,2010,2.655
"Egypt, Arab Rep.",2000,3.306
"Egypt, Arab Rep.",2001,3.242
"Egypt, Arab Rep.",2002,3.184
"Egypt, Arab Rep.",2003,3.134
"Egypt, Arab Rep.",2004,3.091
"Egypt, Arab Rep.",2005,3.053
"Egypt, Arab Rep.",2006,3.02
"Egypt, Arab Rep.",2007,2.987
"Egypt, Arab Rep.",2008,2.954
"Egypt, Arab Rep.",2009,2.919
"Egypt, Arab Rep.",2010,2.883
El Salvador,2000,2.934
El Salvador,2001,2.803
El Salvador,2002,2.6830000000000003
El Salvador,2003,2.58
El Salvador,2004,2.496
El Salvador,2005,2.4330000000000003
El Salvador,2006,2.386
El Salvador,2007,2.35
El Salvador,2008,2.319
El Salvador,2009,2.291
El Salvador,2010,2.263
Equatorial Guinea,2000,5.773
Equatorial Guinea,2001,5.727
Equatorial Guinea,2002,5.678
Equatorial Guinea,2003,5.627000000000002
Equatorial Guinea,2004,5.574
Equatorial Guinea,2005,5.518
Equatorial Guinea,2006,5.4570000000000025
Equatorial Guinea,2007,5.39
Equatorial Guinea,2008,5.314
Equatorial Guinea,2009,5.231
Equatorial Guinea,2010,5.14
Eritrea,2000,5.94
Eritrea,2001,5.86
Eritrea,2002,5.774
Eritrea,2003,5.681
Eritrea,2004,5.5820000000000025
Eritrea,2005,5.478
Eritrea,2006,5.372000000000001
Eritrea,2007,5.266
Eritrea,2008,5.162999999999999
Eritrea,2009,5.063
Eritrea,2010,4.968
Estonia,2000,1.38
Estonia,2001,1.34
Estonia,2002,1.37
Estonia,2003,1.37
Estonia,2004,1.47
Estonia,2005,1.5
Estonia,2006,1.55
Estonia,2007,1.63
Estonia,2008,1.65
Estonia,2009,1.62
Estonia,2010,1.63
Ethiopia,2000,6.529
Ethiopia,2001,6.38
Ethiopia,2002,6.218
Ethiopia,2003,6.046
Ethiopia,2004,5.87
Ethiopia,2005,5.693
Ethiopia,2006,5.52
Ethiopia,2007,5.353
Ethiopia,2008,5.193
Ethiopia,2009,5.043
Ethiopia,2010,4.902
Faeroe Islands,2000,
Faeroe Islands,2001,
Faeroe Islands,2002,
Faeroe Islands,2003,
Faeroe Islands,2004,
Faeroe Islands,2005,
Faeroe Islands,2006,
Faeroe Islands,2007,
Faeroe Islands,2008,
Faeroe Islands,2009,
Faeroe Islands,2010,
Fiji,2000,3.09
Fiji,2001,3.0460000000000003
Fiji,2002,3.0010000000000003
Fiji,2003,2.954
Fiji,2004,2.907
Fiji,2005,2.86
Fiji,2006,2.8160000000000003
Fiji,2007,2.774
Fiji,2008,2.736
Fiji,2009,2.701
Fiji,2010,2.67
Finland,2000,1.73
Finland,2001,1.73
Finland,2002,1.72
Finland,2003,1.76
Finland,2004,1.8
Finland,2005,1.8
Finland,2006,1.84
Finland,2007,1.83
Finland,2008,1.85
Finland,2009,1.86
Finland,2010,1.87
France,2000,1.89
France,2001,1.9
France,2002,1.88
France,2003,1.89
France,2004,1.92
France,2005,1.94
France,2006,2.0
France,2007,1.98
France,2008,2.01
France,2009,2.0
France,2010,2.03
French Polynesia,2000,2.463
French Polynesia,2001,2.414
French Polynesia,2002,2.37
French Polynesia,2003,2.329
French Polynesia,2004,2.289
French Polynesia,2005,2.251
French Polynesia,2006,2.216
French Polynesia,2007,2.184
French Polynesia,2008,2.156
French Polynesia,2009,2.132
French Polynesia,2010,2.11
Gabon,2000,4.6
Gabon,2001,4.544
Gabon,2002,4.494
Gabon,2003,4.449
Gabon,2004,4.408
Gabon,2005,4.37
Gabon,2006,4.335
Gabon,2007,4.303999999999999
Gabon,2008,4.275
Gabon,2009,4.246
Gabon,2010,4.214
"Gambia, The",2000,5.9170000000000025
"Gambia, The",2001,5.891
"Gambia, The",2002,5.867000000000001
"Gambia, The",2003,5.845
"Gambia, The",2004,5.827000000000001
"Gambia, The",2005,5.812
"Gambia, The",2006,5.803
"Gambia, The",2007,5.799
"Gambia, The",2008,5.797999999999999
"Gambia, The",2009,5.797999999999999
"Gambia, The",2010,5.796
Georgia,2000,1.609
Georgia,2001,1.592
Georgia,2002,1.5930000000000002
Georgia,2003,1.609
Georgia,2004,1.639
Georgia,2005,1.6780000000000002
Georgia,2006,1.719
Georgia,2007,1.758
Georgia,2008,1.788
Georgia,2009,1.809
Georgia,2010,1.82
Germany,2000,1.38
Germany,2001,1.35
Germany,2002,1.34
Germany,2003,1.34
Germany,2004,1.36
Germany,2005,1.34
Germany,2006,1.33
Germany,2007,1.37
Germany,2008,1.38
Germany,2009,1.36
Germany,2010,1.39
Ghana,2000,4.669
Ghana,2001,4.617
Ghana,2002,4.566
Ghana,2003,4.512
Ghana,2004,4.455
Ghana,2005,4.392
Ghana,2006,4.3260000000000005
Ghana,2007,4.257
Ghana,2008,4.188
Ghana,2009,4.119
Ghana,2010,4.052
Greece,2000,1.26
Greece,2001,1.25
Greece,2002,1.27
Greece,2003,1.28
Greece,2004,1.3
Greece,2005,1.33
Greece,2006,1.4
Greece,2007,1.41
Greece,2008,1.51
Greece,2009,1.52
Greece,2010,1.51
Greenland,2000,2.3080000000000003
Greenland,2001,2.451
Greenland,2002,2.489
Greenland,2003,2.361
Greenland,2004,2.42
Greenland,2005,2.3
Greenland,2006,2.26
Greenland,2007,2.23
Greenland,2008,2.247
Greenland,2009,2.359
Greenland,2010,2.2
Grenada,2000,2.582
Grenada,2001,2.512
Grenada,2002,2.455
Grenada,2003,2.4090000000000003
Grenada,2004,2.373
Grenada,2005,2.344
Grenada,2006,2.321
Grenada,2007,2.301
Grenada,2008,2.282
Grenada,2009,2.262
Grenada,2010,2.24
Guam,2000,2.824
Guam,2001,2.794
Guam,2002,2.759
Guam,2003,2.72
Guam,2004,2.679
Guam,2005,2.638
Guam,2006,2.599
Guam,2007,2.562
Guam,2008,2.529
Guam,2009,2.499
Guam,2010,2.472
Guatemala,2000,4.801
Guatemala,2001,4.718
Guatemala,2002,4.634
Guatemala,2003,4.547
Guatemala,2004,4.459
Guatemala,2005,4.371
Guatemala,2006,4.283
Guatemala,2007,4.199
Guatemala,2008,4.119
Guatemala,2009,4.044
Guatemala,2010,3.974
Guinea,2000,5.939
Guinea,2001,5.8660000000000005
Guinea,2002,5.794
Guinea,2003,5.722
Guinea,2004,5.649
Guinea,2005,5.5760000000000005
Guinea,2006,5.501
Guinea,2007,5.422999999999999
Guinea,2008,5.343
Guinea,2009,5.26
Guinea,2010,5.174
Guinea-Bissau,2000,5.845
Guinea-Bissau,2001,5.766
Guinea-Bissau,2002,5.69
Guinea-Bissau,2003,5.614
Guinea-Bissau,2004,5.539
Guinea-Bissau,2005,5.462999999999999
Guinea-Bissau,2006,5.388999999999999
Guinea-Bissau,2007,5.317
Guinea-Bissau,2008,5.247000000000001
Guinea-Bissau,2009,5.18
Guinea-Bissau,2010,5.115
Guyana,2000,2.585
Guyana,2001,2.614
Guyana,2002,2.645
Guyana,2003,2.678
Guyana,2004,2.709
Guyana,2005,2.735
Guyana,2006,2.7510000000000003
Guyana,2007,2.754
Guyana,2008,2.7430000000000003
Guyana,2009,2.718
Guyana,2010,2.682
Haiti,2000,4.303
Haiti,2001,4.182
Haiti,2002,4.065
Haiti,2003,3.953
Haiti,2004,3.849
Haiti,2005,3.753
Haiti,2006,3.664
Haiti,2007,3.58
Haiti,2008,3.5
Haiti,2009,3.424
Haiti,2010,3.35
Honduras,2000,3.996
Honduras,2001,3.883
Honduras,2002,3.775
Honduras,2003,3.674
Honduras,2004,3.579
Honduras,2005,3.492
Honduras,2006,3.4130000000000003
Honduras,2007,3.34
Honduras,2008,3.273
Honduras,2009,3.212
Honduras,2010,3.154
"Hong Kong SAR, China",2000,1.035
"Hong Kong SAR, China",2001,0.932
"Hong Kong SAR, China",2002,0.939
"Hong Kong SAR, China",2003,0.901
"Hong Kong SAR, China",2004,0.927
"Hong Kong SAR, China",2005,0.966
"Hong Kong SAR, China",2006,0.984
"Hong Kong SAR, China",2007,1.028
"Hong Kong SAR, China",2008,1.064
"Hong Kong SAR, China",2009,1.055
"Hong Kong SAR, China",2010,1.127
Hungary,2000,1.32
Hungary,2001,1.31
Hungary,2002,1.3
Hungary,2003,1.27
Hungary,2004,1.28
Hungary,2005,1.31
Hungary,2006,1.34
Hungary,2007,1.32
Hungary,2008,1.35
Hungary,2009,1.32
Hungary,2010,1.25
Iceland,2000,2.08
Iceland,2001,1.95
Iceland,2002,1.93
Iceland,2003,1.99
Iceland,2004,2.04
Iceland,2005,2.05
Iceland,2006,2.08
Iceland,2007,2.09
Iceland,2008,2.15
Iceland,2009,2.23
Iceland,2010,2.2
India,2000,3.145
India,2001,3.083
India,2002,3.018
India,2003,2.952
India,2004,2.884
India,2005,2.817
India,2006,2.753
India,2007,2.694
India,2008,2.643
India,2009,2.6
India,2010,2.563
Indonesia,2000,2.484
Indonesia,2001,2.475
Indonesia,2002,2.474
Indonesia,2003,2.479
Indonesia,2004,2.486
Indonesia,2005,2.4930000000000003
Indonesia,2006,2.495
Indonesia,2007,2.49
Indonesia,2008,2.479
Indonesia,2009,2.46
Indonesia,2010,2.434
"Iran, Islamic Rep.",2000,2.193
"Iran, Islamic Rep.",2001,2.079
"Iran, Islamic Rep.",2002,1.994
"Iran, Islamic Rep.",2003,1.934
"Iran, Islamic Rep.",2004,1.895
"Iran, Islamic Rep.",2005,1.873
"Iran, Islamic Rep.",2006,1.866
"Iran, Islamic Rep.",2007,1.87
"Iran, Islamic Rep.",2008,1.88
"Iran, Islamic Rep.",2009,1.893
"Iran, Islamic Rep.",2010,1.904
Iraq,2000,4.965
Iraq,2001,4.879
Iraq,2002,4.795
Iraq,2003,4.713
Iraq,2004,4.634
Iraq,2005,4.557
Iraq,2006,4.4830000000000005
Iraq,2007,4.412
Iraq,2008,4.343
Iraq,2009,4.276
Iraq,2010,4.211
Ireland,2000,1.89
Ireland,2001,1.94
Ireland,2002,1.97
Ireland,2003,1.96
Ireland,2004,1.94
Ireland,2005,1.87
Ireland,2006,1.93
Ireland,2007,2.01
Ireland,2008,2.1
Ireland,2009,2.07
Ireland,2010,2.07
Isle of Man,2000,
Isle of Man,2001,
Isle of Man,2002,1.65
Isle of Man,2003,
Isle of Man,2004,
Isle of Man,2005,
Isle of Man,2006,
Isle of Man,2007,
Isle of Man,2008,
Isle of Man,2009,
Isle of Man,2010,
Israel,2000,2.95
Israel,2001,2.92
Israel,2002,2.89
Israel,2003,2.95
Israel,2004,2.9
Israel,2005,2.84
Israel,2006,2.88
Israel,2007,2.9
Israel,2008,2.96
Israel,2009,2.96
Israel,2010,3.03
Italy,2000,1.26
Italy,2001,1.25
Italy,2002,1.27
Italy,2003,1.29
Italy,2004,1.33
Italy,2005,1.32
Italy,2006,1.35
Italy,2007,1.37
Italy,2008,1.42
Italy,2009,1.41
Italy,2010,1.41
Jamaica,2000,2.603
Jamaica,2001,2.5780000000000003
Jamaica,2002,2.552
Jamaica,2003,2.525
Jamaica,2004,2.498
Jamaica,2005,2.47
Jamaica,2006,2.442
Jamaica,2007,2.414
Jamaica,2008,2.387
Jamaica,2009,2.36
Jamaica,2010,2.334
Japan,2000,1.359
Japan,2001,1.33
Japan,2002,1.32
Japan,2003,1.29
Japan,2004,1.29
Japan,2005,1.26
Japan,2006,1.32
Japan,2007,1.34
Japan,2008,1.37
Japan,2009,1.37
Japan,2010,1.39
Jordan,2000,4.053
Jordan,2001,3.966
Jordan,2002,3.893
Jordan,2003,3.832
Jordan,2004,3.78
Jordan,2005,3.734
Jordan,2006,3.689
Jordan,2007,3.641
Jordan,2008,3.5860000000000003
Jordan,2009,3.526
Jordan,2010,3.458
Kazakhstan,2000,1.8
Kazakhstan,2001,1.9
Kazakhstan,2002,2.0
Kazakhstan,2003,2.03
Kazakhstan,2004,2.21
Kazakhstan,2005,2.22
Kazakhstan,2006,2.36
Kazakhstan,2007,2.5
Kazakhstan,2008,2.7
Kazakhstan,2009,2.6
Kazakhstan,2010,2.59
Kenya,2000,5.012
Kenya,2001,5.001
Kenya,2002,4.99
Kenya,2003,4.976
Kenya,2004,4.955
Kenya,2005,4.923
Kenya,2006,4.879
Kenya,2007,4.824
Kenya,2008,4.761
Kenya,2009,4.691
Kenya,2010,4.6160000000000005
Kiribati,2000,3.881
Kiribati,2001,3.754
Kiribati,2002,3.631
Kiribati,2003,3.516
Kiribati,2004,3.4130000000000003
Kiribati,2005,3.324
Kiribati,2006,3.249
Kiribati,2007,3.1860000000000004
Kiribati,2008,3.133
Kiribati,2009,3.087
Kiribati,2010,3.048
"Korea, Dem. Rep.",2000,1.991
"Korea, Dem. Rep.",2001,1.992
"Korea, Dem. Rep.",2002,1.996
"Korea, Dem. Rep.",2003,2.0
"Korea, Dem. Rep.",2004,2.004
"Korea, Dem. Rep.",2005,2.005
"Korea, Dem. Rep.",2006,2.006
"Korea, Dem. Rep.",2007,2.005
"Korea, Dem. Rep.",2008,2.005
"Korea, Dem. Rep.",2009,2.004
"Korea, Dem. Rep.",2010,2.003
"Korea, Rep.",2000,1.47
"Korea, Rep.",2001,1.3
"Korea, Rep.",2002,1.17
"Korea, Rep.",2003,1.19
"Korea, Rep.",2004,1.16
"Korea, Rep.",2005,1.0759999999999998
"Korea, Rep.",2006,1.123
"Korea, Rep.",2007,1.25
"Korea, Rep.",2008,1.192
"Korea, Rep.",2009,1.149
"Korea, Rep.",2010,1.226
Kosovo,2000,2.954
Kosovo,2001,2.799
Kosovo,2002,2.664
Kosovo,2003,2.343
Kosovo,2004,2.533
Kosovo,2005,2.647
Kosovo,2006,2.425
Kosovo,2007,2.431
Kosovo,2008,2.384
Kosovo,2009,2.337
Kosovo,2010,2.289
Kuwait,2000,2.869
Kuwait,2001,2.7960000000000003
Kuwait,2002,2.718
Kuwait,2003,2.66
Kuwait,2004,2.63
Kuwait,2005,2.628
Kuwait,2006,2.645
Kuwait,2007,2.667
Kuwait,2008,2.681
Kuwait,2009,2.6830000000000003
Kuwait,2010,2.673
Kyrgyz Republic,2000,2.4
Kyrgyz Republic,2001,2.4
Kyrgyz Republic,2002,2.5
Kyrgyz Republic,2003,2.5
Kyrgyz Republic,2004,2.6
Kyrgyz Republic,2005,2.5
Kyrgyz Republic,2006,2.7
Kyrgyz Republic,2007,2.8
Kyrgyz Republic,2008,2.8
Kyrgyz Republic,2009,2.9
Kyrgyz Republic,2010,3.06
Lao PDR,2000,4.19
Lao PDR,2001,3.991
Lao PDR,2002,3.829
Lao PDR,2003,3.706
Lao PDR,2004,3.619
Lao PDR,2005,3.562
Lao PDR,2006,3.52
Lao PDR,2007,3.4810000000000003
Lao PDR,2008,3.432
Lao PDR,2009,3.3680000000000003
Lao PDR,2010,3.29
Latin America & Caribbean (all income levels),2000,2.6460000000000004
Latin America & Caribbean (all income levels),2001,2.597
Latin America & Caribbean (all income levels),2002,2.549
Latin America & Caribbean (all income levels),2003,2.5
Latin America & Caribbean (all income levels),2004,2.452
Latin America & Caribbean (all income levels),2005,2.405
Latin America & Caribbean (all income levels),2006,2.361
Latin America & Caribbean (all income levels),2007,2.32
Latin America & Caribbean (all income levels),2008,2.285
Latin America & Caribbean (all income levels),2009,2.254
Latin America & Caribbean (all income levels),2010,2.228
Latvia,2000,1.24
Latvia,2001,1.21
Latvia,2002,1.23
Latvia,2003,1.29
Latvia,2004,1.24
Latvia,2005,1.31
Latvia,2006,1.35
Latvia,2007,1.41
Latvia,2008,1.44
Latvia,2009,1.31
Latvia,2010,1.17
Lebanon,2000,2.226
Lebanon,2001,2.137
Lebanon,2002,2.044
Lebanon,2003,1.948
Lebanon,2004,1.854
Lebanon,2005,1.765
Lebanon,2006,1.686
Lebanon,2007,1.621
Lebanon,2008,1.57
Lebanon,2009,1.535
Lebanon,2010,1.513
Lesotho,2000,4.089
Lesotho,2001,3.975
Lesotho,2002,3.862
Lesotho,2003,3.754
Lesotho,2004,3.654
Lesotho,2005,3.562
Lesotho,2006,3.48
Lesotho,2007,3.405
Lesotho,2008,3.335
Lesotho,2009,3.269
Lesotho,2010,3.207
Liberia,2000,5.88
Liberia,2001,5.803999999999999
Liberia,2002,5.722
Liberia,2003,5.635
Liberia,2004,5.5470000000000015
Liberia,2005,5.456
Liberia,2006,5.3660000000000005
Liberia,2007,5.277
Liberia,2008,5.19
Liberia,2009,5.106
Liberia,2010,5.024
Libya,2000,3.052
Libya,2001,2.984
Libya,2002,2.929
Libya,2003,2.882
Libya,2004,2.8360000000000003
Libya,2005,2.79
Libya,2006,2.741
Libya,2007,2.69
Libya,2008,2.637
Libya,2009,2.582
Libya,2010,2.525
Liechtenstein,2000,1.57
Liechtenstein,2001,1.52
Liechtenstein,2002,1.47
Liechtenstein,2003,1.36
Liechtenstein,2004,1.44
Liechtenstein,2005,1.49
Liechtenstein,2006,1.43
Liechtenstein,2007,1.42
Liechtenstein,2008,1.43
Liechtenstein,2009,1.71
Liechtenstein,2010,1.4
Lithuania,2000,1.39
Lithuania,2001,1.3
Lithuania,2002,1.24
Lithuania,2003,1.26
Lithuania,2004,1.26
Lithuania,2005,1.27
Lithuania,2006,1.31
Lithuania,2007,1.35
Lithuania,2008,1.47
Lithuania,2009,1.55
Lithuania,2010,1.55
Luxembourg,2000,1.76
Luxembourg,2001,1.66
Luxembourg,2002,1.63
Luxembourg,2003,1.62
Luxembourg,2004,1.66
Luxembourg,2005,1.63
Luxembourg,2006,1.65
Luxembourg,2007,1.61
Luxembourg,2008,1.61
Luxembourg,2009,1.59
Luxembourg,2010,1.63
"Macao SAR, China",2000,0.939
"Macao SAR, China",2001,0.8909999999999999
"Macao SAR, China",2002,0.856
"Macao SAR, China",2003,0.838
"Macao SAR, China",2004,0.836
"Macao SAR, China",2005,0.8490000000000001
"Macao SAR, China",2006,0.8740000000000001
"Macao SAR, China",2007,0.906
"Macao SAR, China",2008,0.939
"Macao SAR, China",2009,0.973
"Macao SAR, China",2010,1.003
"Macedonia, FYR",2000,1.6780000000000002
"Macedonia, FYR",2001,1.635
"Macedonia, FYR",2002,1.598
"Macedonia, FYR",2003,1.567
"Macedonia, FYR",2004,1.54
"Macedonia, FYR",2005,1.519
"Macedonia, FYR",2006,1.501
"Macedonia, FYR",2007,1.486
"Macedonia, FYR",2008,1.473
"Macedonia, FYR",2009,1.462
"Macedonia, FYR",2010,1.452
Madagascar,2000,5.547999999999999
Madagascar,2001,5.443
Madagascar,2002,5.3370000000000015
Madagascar,2003,5.233
Madagascar,2004,5.132999999999999
Madagascar,2005,5.039
Madagascar,2006,4.952
Madagascar,2007,4.87
Madagascar,2008,4.794
Madagascar,2009,4.722
Madagascar,2010,4.654
Malawi,2000,6.254
Malawi,2001,6.186
Malawi,2002,6.119
Malawi,2003,6.058
Malawi,2004,6.002000000000002
Malawi,2005,5.95
Malawi,2006,5.899
Malawi,2007,5.843
Malawi,2008,5.7810000000000015
Malawi,2009,5.7120000000000015
Malawi,2010,5.636
Malaysia,2000,2.825
Malaysia,2001,2.6830000000000003
Malaysia,2002,2.544
Malaysia,2003,2.418
Malaysia,2004,2.307
Malaysia,2005,2.216
Malaysia,2006,2.146
Malaysia,2007,2.093
Malaysia,2008,2.052
Malaysia,2009,2.023
Malaysia,2010,2.002
Maldives,2000,3.2710000000000004
Maldives,2001,3.055
Maldives,2002,2.869
Maldives,2003,2.715
Maldives,2004,2.596
Maldives,2005,2.508
Maldives,2006,2.449
Maldives,2007,2.41
Maldives,2008,2.382
Maldives,2009,2.36
Maldives,2010,2.339
Mali,2000,6.836
Mali,2001,6.822
Mali,2002,6.811
Mali,2003,6.803
Mali,2004,6.7970000000000015
Mali,2005,6.796
Mali,2006,6.799
Mali,2007,6.806
Mali,2008,6.817
Mali,2009,6.83
Mali,2010,6.841
Malta,2000,1.7
Malta,2001,1.48
Malta,2002,1.45
Malta,2003,1.48
Malta,2004,1.4
Malta,2005,1.38
Malta,2006,1.39
Malta,2007,1.37
Malta,2008,1.44
Malta,2009,1.43
Malta,2010,1.38
Marshall Islands,2000,
Marshall Islands,2001,
Marshall Islands,2002,
Marshall Islands,2003,
Marshall Islands,2004,
Marshall Islands,2005,4.5
Marshall Islands,2006,4.5
Marshall Islands,2007,4.5
Marshall Islands,2008,
Marshall Islands,2009,
Marshall Islands,2010,
Mauritania,2000,5.381
Mauritania,2001,5.3210000000000015
Mauritania,2002,5.263
Mauritania,2003,5.205
Mauritania,2004,5.15
Mauritania,2005,5.095
Mauritania,2006,5.042
Mauritania,2007,4.99
Mauritania,2008,4.939
Mauritania,2009,4.888
Mauritania,2010,4.837
Mauritius,2000,1.99
Mauritius,2001,1.91
Mauritius,2002,1.94
Mauritius,2003,1.87
Mauritius,2004,1.87
Mauritius,2005,1.82
Mauritius,2006,1.7
Mauritius,2007,1.66
Mauritius,2008,1.58
Mauritius,2009,1.5
Mauritius,2010,1.47
Mexico,2000,2.659
Mexico,2001,2.61
Mexico,2002,2.565
Mexico,2003,2.523
Mexico,2004,2.484
Mexico,2005,2.448
Mexico,2006,2.4130000000000003
Mexico,2007,2.379
Mexico,2008,2.346
Mexico,2009,2.313
Mexico,2010,2.281
"Micronesia, Fed. Sts.",2000,4.3
"Micronesia, Fed. Sts.",2001,4.204
"Micronesia, Fed. Sts.",2002,4.105
"Micronesia, Fed. Sts.",2003,4.007
"Micronesia, Fed. Sts.",2004,3.912
"Micronesia, Fed. Sts.",2005,3.823
"Micronesia, Fed. Sts.",2006,3.739
"Micronesia, Fed. Sts.",2007,3.661
"Micronesia, Fed. Sts.",2008,3.589
"Micronesia, Fed. Sts.",2009,3.522
"Micronesia, Fed. Sts.",2010,3.46
Moldova,2000,1.568
Moldova,2001,1.535
Moldova,2002,1.511
Moldova,2003,1.497
Moldova,2004,1.489
Moldova,2005,1.487
Moldova,2006,1.487
Moldova,2007,1.4880000000000002
Moldova,2008,1.487
Moldova,2009,1.483
Moldova,2010,1.477
Monaco,2000,
Monaco,2001,
Monaco,2002,
Monaco,2003,
Monaco,2004,
Monaco,2005,
Monaco,2006,
Monaco,2007,
Monaco,2008,
Monaco,2009,
Monaco,2010,
Mongolia,2000,2.144
Mongolia,2001,2.102
Mongolia,2002,2.089
Mongolia,2003,2.103
Mongolia,2004,2.141
Mongolia,2005,2.193
Mongolia,2006,2.254
Mongolia,2007,2.315
Mongolia,2008,2.3680000000000003
Mongolia,2009,2.41
Mongolia,2010,2.437
Montenegro,2000,1.815
Montenegro,2001,1.804
Montenegro,2002,1.7919999999999998
Montenegro,2003,1.779
Montenegro,2004,1.767
Montenegro,2005,1.756
Montenegro,2006,1.745
Montenegro,2007,1.734
Montenegro,2008,1.722
Montenegro,2009,1.71
Montenegro,2010,1.6980000000000002
Morocco,2000,2.698
Morocco,2001,2.611
Morocco,2002,2.535
Morocco,2003,2.47
Morocco,2004,2.418
Morocco,2005,2.385
Morocco,2006,2.377
Morocco,2007,2.398
Morocco,2008,2.443
Morocco,2009,2.509
Morocco,2010,2.583
Mozambique,2000,5.782
Mozambique,2001,5.76
Mozambique,2002,5.7410000000000005
Mozambique,2003,5.721
Mozambique,2004,5.697
Mozambique,2005,5.669
Mozambique,2006,5.6320000000000014
Mozambique,2007,5.587999999999999
Mozambique,2008,5.5360000000000005
Mozambique,2009,5.476
Mozambique,2010,5.409
Myanmar,2000,2.428
Myanmar,2001,2.353
Myanmar,2002,2.286
Myanmar,2003,2.227
Myanmar,2004,2.178
Myanmar,2005,2.137
Myanmar,2006,2.103
Myanmar,2007,2.075
Myanmar,2008,2.049
Myanmar,2009,2.026
Myanmar,2010,2.003
Namibia,2000,4.033
Namibia,2001,3.938
Namibia,2002,3.847
Namibia,2003,3.759
Namibia,2004,3.674
Namibia,2005,3.591
Namibia,2006,3.512
Namibia,2007,3.4360000000000004
Namibia,2008,3.364
Namibia,2009,3.295
Namibia,2010,3.229
Nepal,2000,4.0680000000000005
Nepal,2001,3.924
Nepal,2002,3.778
Nepal,2003,3.632
Nepal,2004,3.486
Nepal,2005,3.34
Nepal,2006,3.194
Nepal,2007,3.0460000000000003
Nepal,2008,2.899
Nepal,2009,2.755
Nepal,2010,2.619
Netherlands,2000,1.72
Netherlands,2001,1.71
Netherlands,2002,1.73
Netherlands,2003,1.75
Netherlands,2004,1.72
Netherlands,2005,1.71
Netherlands,2006,1.72
Netherlands,2007,1.72
Netherlands,2008,1.77
Netherlands,2009,1.79
Netherlands,2010,1.79
New Caledonia,2000,2.63
New Caledonia,2001,2.47
New Caledonia,2002,2.37
New Caledonia,2003,2.3
New Caledonia,2004,2.18
New Caledonia,2005,2.2
New Caledonia,2006,2.29
New Caledonia,2007,2.2
New Caledonia,2008,2.166
New Caledonia,2009,2.2
New Caledonia,2010,2.193
New Zealand,2000,2.0
New Zealand,2001,1.97
New Zealand,2002,1.89
New Zealand,2003,1.91
New Zealand,2004,2.0
New Zealand,2005,1.96
New Zealand,2006,2.0
New Zealand,2007,2.11
New Zealand,2008,2.19
New Zealand,2009,2.14
New Zealand,2010,2.16
Nicaragua,2000,3.2510000000000003
Nicaragua,2001,3.139
Nicaragua,2002,3.0460000000000003
Nicaragua,2003,2.967
Nicaragua,2004,2.903
Nicaragua,2005,2.8480000000000003
Nicaragua,2006,2.802
Nicaragua,2007,2.759
Nicaragua,2008,2.717
Nicaragua,2009,2.675
Nicaragua,2010,2.631
Niger,2000,7.725
Niger,2001,7.704
Niger,2002,7.681
Niger,2003,7.657999999999999
Niger,2004,7.636
Niger,2005,7.617000000000001
Niger,2006,7.602
Niger,2007,7.593
Niger,2008,7.587999999999999
Niger,2009,7.585
Niger,2010,7.584
Nigeria,2000,6.099
Nigeria,2001,6.077000000000001
Nigeria,2002,6.058
Nigeria,2003,6.0420000000000025
Nigeria,2004,6.029
Nigeria,2005,6.02
Nigeria,2006,6.015
Nigeria,2007,6.015
Nigeria,2008,6.017
Nigeria,2009,6.021
Nigeria,2010,6.022
Northern Mariana Islands,2000,
Northern Mariana Islands,2001,
Northern Mariana Islands,2002,
Northern Mariana Islands,2003,
Northern Mariana Islands,2004,
Northern Mariana Islands,2005,
Northern Mariana Islands,2006,
Northern Mariana Islands,2007,
Northern Mariana Islands,2008,
Northern Mariana Islands,2009,
Northern Mariana Islands,2010,
Norway,2000,1.85
Norway,2001,1.78
Norway,2002,1.75
Norway,2003,1.8
Norway,2004,1.83
Norway,2005,1.84
Norway,2006,1.9
Norway,2007,1.9
Norway,2008,1.96
Norway,2009,1.98
Norway,2010,1.95
OECD members,2000,1.805
OECD members,2001,1.777
OECD members,2002,1.76
OECD members,2003,1.767
OECD members,2004,1.7719999999999998
OECD members,2005,1.766
OECD members,2006,1.796
OECD members,2007,1.817
OECD members,2008,1.824
OECD members,2009,1.79
OECD members,2010,1.78
Oman,2000,3.72
Oman,2001,3.488
Oman,2002,3.297
Oman,2003,3.144
Oman,2004,3.029
Oman,2005,2.951
Oman,2006,2.906
Oman,2007,2.887
Oman,2008,2.886
Oman,2009,2.894
Oman,2010,2.901
Other small states,2000,4.2360000000000015
Other small states,2001,4.158
Other small states,2002,4.097
Other small states,2003,4.033
Other small states,2004,3.968
Other small states,2005,3.902
Other small states,2006,3.834
Other small states,2007,3.777
Other small states,2008,3.733
Other small states,2009,3.691
Other small states,2010,3.646
Pacific island small states,2000,3.842
Pacific island small states,2001,3.791
Pacific island small states,2002,3.741
Pacific island small states,2003,3.693
Pacific island small states,2004,3.646
Pacific island small states,2005,3.6010000000000004
Pacific island small states,2006,3.557
Pacific island small states,2007,3.514
Pacific island small states,2008,3.472
Pacific island small states,2009,3.43
Pacific island small states,2010,3.389
Pakistan,2000,4.474
Pakistan,2001,4.29
Pakistan,2002,4.125
Pakistan,2003,3.986
Pakistan,2004,3.873
Pakistan,2005,3.785
Pakistan,2006,3.713
Pakistan,2007,3.648
Pakistan,2008,3.5810000000000004
Pakistan,2009,3.509
Pakistan,2010,3.43
Palau,2000,1.535
Palau,2001,
Palau,2002,
Palau,2003,
Palau,2004,
Palau,2005,
Palau,2006,
Palau,2007,
Palau,2008,
Palau,2009,
Palau,2010,
Panama,2000,2.821
Panama,2001,2.799
Panama,2002,2.775
Panama,2003,2.75
Panama,2004,2.724
Panama,2005,2.696
Panama,2006,2.667
Panama,2007,2.637
Panama,2008,2.608
Panama,2009,2.5780000000000003
Panama,2010,2.549
Papua New Guinea,2000,4.507
Papua New Guinea,2001,4.4510000000000005
Papua New Guinea,2002,4.392
Papua New Guinea,2003,4.335
Papua New Guinea,2004,4.279
Papua New Guinea,2005,4.226
Papua New Guinea,2006,4.174
Papua New Guinea,2007,4.122
Papua New Guinea,2008,4.067
Papua New Guinea,2009,4.011
Papua New Guinea,2010,3.954
Paraguay,2000,3.677
Paraguay,2001,3.595
Paraguay,2002,3.512
Paraguay,2003,3.429
Paraguay,2004,3.346
Paraguay,2005,3.266
Paraguay,2006,3.1910000000000003
Paraguay,2007,3.123
Paraguay,2008,3.063
Paraguay,2009,3.012
Paraguay,2010,2.968
Peru,2000,2.929
Peru,2001,2.872
Peru,2002,2.82
Peru,2003,2.773
Peru,2004,2.73
Peru,2005,2.689
Peru,2006,2.65
Peru,2007,2.614
Peru,2008,2.579
Peru,2009,2.545
Peru,2010,2.511
Philippines,2000,3.813
Philippines,2001,3.766
Philippines,2002,3.709
Philippines,2003,3.642
Philippines,2004,3.5660000000000003
Philippines,2005,3.485
Philippines,2006,3.403
Philippines,2007,3.326
Philippines,2008,3.257
Philippines,2009,3.199
Philippines,2010,3.151
Poland,2000,1.35
Poland,2001,1.31
Poland,2002,1.25
Poland,2003,1.22
Poland,2004,1.23
Poland,2005,1.24
Poland,2006,1.27
Poland,2007,1.31
Poland,2008,1.39
Poland,2009,1.4
Poland,2010,1.38
Portugal,2000,1.55
Portugal,2001,1.45
Portugal,2002,1.47
Portugal,2003,1.44
Portugal,2004,1.4
Portugal,2005,1.4
Portugal,2006,1.36
Portugal,2007,1.33
Portugal,2008,1.37
Portugal,2009,1.32
Portugal,2010,1.36
Puerto Rico,2000,2.049
Puerto Rico,2001,1.935
Puerto Rico,2002,1.832
Puerto Rico,2003,1.7619999999999998
Puerto Rico,2004,1.7819999999999998
Puerto Rico,2005,1.77
Puerto Rico,2006,1.712
Puerto Rico,2007,1.651
Puerto Rico,2008,1.652
Puerto Rico,2009,1.653
Puerto Rico,2010,1.664
Qatar,2000,3.241
Qatar,2001,3.127
Qatar,2002,2.9960000000000004
Qatar,2003,2.853
Qatar,2004,2.7030000000000003
Qatar,2005,2.555
Qatar,2006,2.418
Qatar,2007,2.299
Qatar,2008,2.2030000000000003
Qatar,2009,2.133
Qatar,2010,2.085
Romania,2000,1.31
Romania,2001,1.27
Romania,2002,1.25
Romania,2003,1.27
Romania,2004,1.29
Romania,2005,1.32
Romania,2006,1.32
Romania,2007,1.3
Romania,2008,1.35
Romania,2009,1.38
Romania,2010,1.33
Russian Federation,2000,1.21
Russian Federation,2001,1.25
Russian Federation,2002,1.3
Russian Federation,2003,1.31
Russian Federation,2004,1.33
Russian Federation,2005,1.29
Russian Federation,2006,1.3
Russian Federation,2007,1.41
Russian Federation,2008,1.49
Russian Federation,2009,1.54
Russian Federation,2010,1.54
Rwanda,2000,5.897
Rwanda,2001,5.7860000000000005
Rwanda,2002,5.674
Rwanda,2003,5.566
Rwanda,2004,5.462999999999999
Rwanda,2005,5.365
Rwanda,2006,5.267
Rwanda,2007,5.167000000000002
Rwanda,2008,5.062
Rwanda,2009,4.954
Rwanda,2010,4.841
Samoa,2000,4.503
Samoa,2001,4.476
Samoa,2002,4.46
Samoa,2003,4.454
Samoa,2004,4.456
Samoa,2005,4.46
Samoa,2006,4.46
Samoa,2007,4.45
Samoa,2008,4.426
Samoa,2009,4.388999999999999
Samoa,2010,4.338
San Marino,2000,
San Marino,2001,
San Marino,2002,
San Marino,2003,
San Marino,2004,
San Marino,2005,
San Marino,2006,
San Marino,2007,
San Marino,2008,
San Marino,2009,
San Marino,2010,
Sao Tome and Principe,2000,4.687
Sao Tome and Principe,2001,4.654
Sao Tome and Principe,2002,4.625
Sao Tome and Principe,2003,4.598
Sao Tome and Principe,2004,4.572
Sao Tome and Principe,2005,4.542
Sao Tome and Principe,2006,4.506
Sao Tome and Principe,2007,4.462
Sao Tome and Principe,2008,4.4110000000000005
Sao Tome and Principe,2009,4.352
Sao Tome and Principe,2010,4.287
Saudi Arabia,2000,3.99
Saudi Arabia,2001,3.804
Saudi Arabia,2002,3.634
Saudi Arabia,2003,3.482
Saudi Arabia,2004,3.349
Saudi Arabia,2005,3.234
Saudi Arabia,2006,3.136
Saudi Arabia,2007,3.05
Saudi Arabia,2008,2.971
Saudi Arabia,2009,2.898
Saudi Arabia,2010,2.829
Senegal,2000,5.561
Senegal,2001,5.484
Senegal,2002,5.412999999999999
Senegal,2003,5.346
Senegal,2004,5.285
Senegal,2005,5.229
Senegal,2006,5.181
Senegal,2007,5.14
Senegal,2008,5.107
Senegal,2009,5.078
Senegal,2010,5.05
Serbia,2000,1.48
Serbia,2001,1.58
Serbia,2002,1.57
Serbia,2003,1.59
Serbia,2004,1.57
Serbia,2005,1.45
Serbia,2006,1.43
Serbia,2007,1.38
Serbia,2008,1.4
Serbia,2009,1.44
Serbia,2010,1.4
Seychelles,2000,2.08
Seychelles,2001,1.98
Seychelles,2002,2.04
Seychelles,2003,2.1
Seychelles,2004,2.0
Seychelles,2005,2.2
Seychelles,2006,2.1
Seychelles,2007,2.24
Seychelles,2008,2.3
Seychelles,2009,2.4
Seychelles,2010,2.1
Sierra Leone,2000,5.92
Sierra Leone,2001,5.845
Sierra Leone,2002,5.759
Sierra Leone,2003,5.664
Sierra Leone,2004,5.56
Sierra Leone,2005,5.4510000000000005
Sierra Leone,2006,5.34
Sierra Leone,2007,5.232
Sierra Leone,2008,5.127999999999999
Sierra Leone,2009,5.032
Sierra Leone,2010,4.9430000000000005
Singapore,2000,
Singapore,2001,1.41
Singapore,2002,1.37
Singapore,2003,1.27
Singapore,2004,1.26
Singapore,2005,1.26
Singapore,2006,1.28
Singapore,2007,1.29
Singapore,2008,1.28
Singapore,2009,1.22
Singapore,2010,1.15
Sint Maarten (Dutch part),2000,
Sint Maarten (Dutch part),2001,
Sint Maarten (Dutch part),2002,
Sint Maarten (Dutch part),2003,
Sint Maarten (Dutch part),2004,
Sint Maarten (Dutch part),2005,
Sint Maarten (Dutch part),2006,
Sint Maarten (Dutch part),2007,1.5
Sint Maarten (Dutch part),2008,1.7
Sint Maarten (Dutch part),2009,1.7
Sint Maarten (Dutch part),2010,
Slovak Republic,2000,1.3
Slovak Republic,2001,1.2
Slovak Republic,2002,1.19
Slovak Republic,2003,1.2
Slovak Republic,2004,1.24
Slovak Republic,2005,1.25
Slovak Republic,2006,1.24
Slovak Republic,2007,1.25
Slovak Republic,2008,1.32
Slovak Republic,2009,1.41
Slovak Republic,2010,1.4
Slovenia,2000,1.26
Slovenia,2001,1.21
Slovenia,2002,1.21
Slovenia,2003,1.2
Slovenia,2004,1.25
Slovenia,2005,1.26
Slovenia,2006,1.31
Slovenia,2007,1.38
Slovenia,2008,1.53
Slovenia,2009,1.53
Slovenia,2010,1.57
Solomon Islands,2000,4.72
Solomon Islands,2001,4.665
Solomon Islands,2002,4.618
Solomon Islands,2003,4.578
Solomon Islands,2004,4.54
Solomon Islands,2005,4.502
Solomon Islands,2006,4.459
Solomon Islands,2007,4.412
Solomon Islands,2008,4.359
Solomon Islands,2009,4.3
Solomon Islands,2010,4.2360000000000015
Somalia,2000,7.61
Somalia,2001,7.556
Somalia,2002,7.495
Somalia,2003,7.4289999999999985
Somalia,2004,7.3610000000000015
Somalia,2005,7.292000000000002
Somalia,2006,7.2189999999999985
Somalia,2007,7.14
Somalia,2008,7.056
Somalia,2009,6.965
Somalia,2010,6.869
South Africa,2000,2.866
South Africa,2001,2.834
South Africa,2002,2.801
South Africa,2003,2.763
South Africa,2004,2.721
South Africa,2005,2.675
South Africa,2006,2.627
South Africa,2007,2.58
South Africa,2008,2.5380000000000003
South Africa,2009,2.5
South Africa,2010,2.467
South Sudan,2000,6.132999999999999
South Sudan,2001,6.05
South Sudan,2002,5.9620000000000015
South Sudan,2003,5.871
South Sudan,2004,5.777
South Sudan,2005,5.68
South Sudan,2006,5.5820000000000025
South Sudan,2007,5.483
South Sudan,2008,5.385
South Sudan,2009,5.287999999999999
South Sudan,2010,5.194
Spain,2000,1.23
Spain,2001,1.24
Spain,2002,1.26
Spain,2003,1.31
Spain,2004,1.32
Spain,2005,1.34
Spain,2006,1.37
Spain,2007,1.39
Spain,2008,1.46
Spain,2009,1.39
Spain,2010,1.38
Sri Lanka,2000,2.237
Sri Lanka,2001,2.2430000000000003
Sri Lanka,2002,2.252
Sri Lanka,2003,2.263
Sri Lanka,2004,2.274
Sri Lanka,2005,2.286
Sri Lanka,2006,2.298
Sri Lanka,2007,2.311
Sri Lanka,2008,2.323
Sri Lanka,2009,2.335
Sri Lanka,2010,2.343
St. Kitts and Nevis,2000,
St. Kitts and Nevis,2001,
St. Kitts and Nevis,2002,2.107
St. Kitts and Nevis,2003,
St. Kitts and Nevis,2004,
St. Kitts and Nevis,2005,
St. Kitts and Nevis,2006,
St. Kitts and Nevis,2007,
St. Kitts and Nevis,2008,
St. Kitts and Nevis,2009,
St. Kitts and Nevis,2010,
St. Lucia,2000,2.313
St. Lucia,2001,2.224
St. Lucia,2002,2.152
St. Lucia,2003,2.0980000000000003
St. Lucia,2004,2.062
St. Lucia,2005,2.04
St. Lucia,2006,2.029
St. Lucia,2007,2.022
St. Lucia,2008,2.013
St. Lucia,2009,2.0
St. Lucia,2010,1.982
St. Martin (French part),2000,1.8
St. Martin (French part),2001,1.8
St. Martin (French part),2002,1.8
St. Martin (French part),2003,1.8
St. Martin (French part),2004,1.8
St. Martin (French part),2005,1.8
St. Martin (French part),2006,1.8
St. Martin (French part),2007,1.8
St. Martin (French part),2008,1.8
St. Martin (French part),2009,1.8
St. Martin (French part),2010,1.8
St. Vincent and the Grenadines,2000,2.379
St. Vincent and the Grenadines,2001,2.321
St. Vincent and the Grenadines,2002,2.271
St. Vincent and the Grenadines,2003,2.229
St. Vincent and the Grenadines,2004,2.196
St. Vincent and the Grenadines,2005,2.17
St. Vincent and the Grenadines,2006,2.149
St. Vincent and the Grenadines,2007,2.131
St. Vincent and the Grenadines,2008,2.112
St. Vincent and the Grenadines,2009,2.092
St. Vincent and the Grenadines,2010,2.07
Sub-Saharan Africa (IFC classification),2000,
Sub-Saharan Africa (IFC classification),2001,
Sub-Saharan Africa (IFC classification),2002,
Sub-Saharan Africa (IFC classification),2003,
Sub-Saharan Africa (IFC classification),2004,
Sub-Saharan Africa (IFC classification),2005,
Sub-Saharan Africa (IFC classification),2006,
Sub-Saharan Africa (IFC classification),2007,
Sub-Saharan Africa (IFC classification),2008,
Sub-Saharan Africa (IFC classification),2009,
Sub-Saharan Africa (IFC classification),2010,
Sudan,2000,5.444
Sudan,2001,5.3660000000000005
Sudan,2002,5.287000000000001
Sudan,2003,5.206
Sudan,2004,5.122999999999998
Sudan,2005,5.039
Sudan,2006,4.956
Sudan,2007,4.873
Sudan,2008,4.792
Sudan,2009,4.713
Sudan,2010,4.637
Suriname,2000,2.739
Suriname,2001,2.702
Suriname,2002,2.656
Suriname,2003,2.609
Suriname,2004,2.562
Suriname,2005,2.518
Suriname,2006,2.478
Suriname,2007,2.441
Suriname,2008,2.406
Suriname,2009,2.374
Suriname,2010,2.345
Swaziland,2000,4.209
Swaziland,2001,4.121
Swaziland,2002,4.046
Swaziland,2003,3.982
Swaziland,2004,3.925
Swaziland,2005,3.871
Swaziland,2006,3.818
Swaziland,2007,3.761
Swaziland,2008,3.699
Swaziland,2009,3.632
Swaziland,2010,3.559
Sweden,2000,1.54
Sweden,2001,1.57
Sweden,2002,1.65
Sweden,2003,1.71
Sweden,2004,1.75
Sweden,2005,1.77
Sweden,2006,1.85
Sweden,2007,1.88
Sweden,2008,1.91
Sweden,2009,1.94
Sweden,2010,1.98
Switzerland,2000,1.5
Switzerland,2001,1.38
Switzerland,2002,1.39
Switzerland,2003,1.39
Switzerland,2004,1.42
Switzerland,2005,1.42
Switzerland,2006,1.44
Switzerland,2007,1.46
Switzerland,2008,1.48
Switzerland,2009,1.5
Switzerland,2010,1.52
Syrian Arab Republic,2000,3.958
Syrian Arab Republic,2001,3.841
Syrian Arab Republic,2002,3.724
Syrian Arab Republic,2003,3.61
Syrian Arab Republic,2004,3.5010000000000003
Syrian Arab Republic,2005,3.401
Syrian Arab Republic,2006,3.313
Syrian Arab Republic,2007,3.237
Syrian Arab Republic,2008,3.173
Syrian Arab Republic,2009,3.1210000000000004
Syrian Arab Republic,2010,3.0780000000000003
Tajikistan,2000,3.954
Tajikistan,2001,3.848
Tajikistan,2002,3.76
Tajikistan,2003,3.695
Tajikistan,2004,3.653
Tajikistan,2005,3.636
Tajikistan,2006,3.642
Tajikistan,2007,3.667
Tajikistan,2008,3.703
Tajikistan,2009,3.743
Tajikistan,2010,3.78
Tanzania,2000,5.689
Tanzania,2001,5.675
Tanzania,2002,5.666
Tanzania,2003,5.659
Tanzania,2004,5.651
Tanzania,2005,5.638
Tanzania,2006,5.6160000000000005
Tanzania,2007,5.585
Tanzania,2008,5.5429999999999975
Tanzania,2009,5.49
Tanzania,2010,5.428
Thailand,2000,1.676
Thailand,2001,1.644
Thailand,2002,1.615
Thailand,2003,1.588
Thailand,2004,1.5630000000000002
Thailand,2005,1.539
Thailand,2006,1.517
Thailand,2007,1.496
Thailand,2008,1.477
Thailand,2009,1.459
Thailand,2010,1.443
Timor-Leste,2000,7.112
Timor-Leste,2001,7.0920000000000005
Timor-Leste,2002,7.037000000000001
Timor-Leste,2003,6.965
Timor-Leste,2004,6.649
Timor-Leste,2005,6.3320000000000025
Timor-Leste,2006,6.016
Timor-Leste,2007,5.7
Timor-Leste,2008,5.7
Timor-Leste,2009,5.7
Timor-Leste,2010,5.577999999999999
Togo,2000,5.287999999999999
Togo,2001,5.224
Togo,2002,5.166
Togo,2003,5.1110000000000015
Togo,2004,5.059
Togo,2005,5.009
Togo,2006,4.962
Togo,2007,4.918
Togo,2008,4.876
Togo,2009,4.835
Togo,2010,4.792
Tonga,2000,4.25
Tonga,2001,4.2360000000000015
Tonga,2002,4.221
Tonga,2003,4.202
Tonga,2004,4.177
Tonga,2005,4.144
Tonga,2006,4.104
Tonga,2007,4.059
Tonga,2008,4.012
Tonga,2009,3.963
Tonga,2010,3.914
Trinidad and Tobago,2000,1.753
Trinidad and Tobago,2001,1.744
Trinidad and Tobago,2002,1.744
Trinidad and Tobago,2003,1.749
Trinidad and Tobago,2004,1.758
Trinidad and Tobago,2005,1.769
Trinidad and Tobago,2006,1.779
Trinidad and Tobago,2007,1.788
Trinidad and Tobago,2008,1.796
Trinidad and Tobago,2009,1.8
Trinidad and Tobago,2010,1.802
Tunisia,2000,2.08
Tunisia,2001,2.05
Tunisia,2002,2.0
Tunisia,2003,2.06
Tunisia,2004,2.02
Tunisia,2005,2.04
Tunisia,2006,2.03
Tunisia,2007,2.04
Tunisia,2008,2.06
Tunisia,2009,2.05
Tunisia,2010,2.13
Turkey,2000,2.454
Turkey,2001,2.404
Turkey,2002,2.356
Turkey,2003,2.311
Turkey,2004,2.27
Turkey,2005,2.234
Turkey,2006,2.202
Turkey,2007,2.173
Turkey,2008,2.147
Turkey,2009,2.123
Turkey,2010,2.101
Turkmenistan,2000,2.837
Turkmenistan,2001,2.783
Turkmenistan,2002,2.741
Turkmenistan,2003,2.701
Turkmenistan,2004,2.66
Turkmenistan,2005,2.615
Turkmenistan,2006,2.569
Turkmenistan,2007,2.523
Turkmenistan,2008,2.482
Turkmenistan,2009,2.445
Turkmenistan,2010,2.412
Turks and Caicos Islands,2000,
Turks and Caicos Islands,2001,
Turks and Caicos Islands,2002,
Turks and Caicos Islands,2003,
Turks and Caicos Islands,2004,
Turks and Caicos Islands,2005,
Turks and Caicos Islands,2006,
Turks and Caicos Islands,2007,
Turks and Caicos Islands,2008,
Turks and Caicos Islands,2009,
Turks and Caicos Islands,2010,
Tuvalu,2000,
Tuvalu,2001,
Tuvalu,2002,
Tuvalu,2003,
Tuvalu,2004,
Tuvalu,2005,
Tuvalu,2006,
Tuvalu,2007,
Tuvalu,2008,
Tuvalu,2009,
Tuvalu,2010,
Uganda,2000,6.865
Uganda,2001,6.822
Uganda,2002,6.772
Uganda,2003,6.716
Uganda,2004,6.653
Uganda,2005,6.5829999999999975
Uganda,2006,6.5070000000000014
Uganda,2007,6.425
Uganda,2008,6.337999999999999
Uganda,2009,6.2479999999999976
Uganda,2010,6.155
Ukraine,2000,1.1
Ukraine,2001,1.1
Ukraine,2002,1.1
Ukraine,2003,1.2
Ukraine,2004,1.2
Ukraine,2005,1.2
Ukraine,2006,1.31
Ukraine,2007,1.345
Ukraine,2008,1.39
Ukraine,2009,1.46
Ukraine,2010,1.445
United Arab Emirates,2000,2.644
United Arab Emirates,2001,2.532
United Arab Emirates,2002,2.428
United Arab Emirates,2003,2.329
United Arab Emirates,2004,2.236
United Arab Emirates,2005,2.149
United Arab Emirates,2006,2.071
United Arab Emirates,2007,2.004
United Arab Emirates,2008,1.948
United Arab Emirates,2009,1.903
United Arab Emirates,2010,1.868
United Kingdom,2000,1.64
United Kingdom,2001,1.63
United Kingdom,2002,1.64
United Kingdom,2003,1.71
United Kingdom,2004,1.77
United Kingdom,2005,1.78
United Kingdom,2006,1.84
United Kingdom,2007,1.9
United Kingdom,2008,1.96
United Kingdom,2009,1.94
United Kingdom,2010,1.98
United States,2000,2.056
United States,2001,2.0340000000000003
United States,2002,2.013
United States,2003,2.042
United States,2004,2.045
United States,2005,2.0540000000000003
United States,2006,2.1
United States,2007,2.122
United States,2008,2.084
United States,2009,2.001
United States,2010,1.931
Uruguay,2000,2.2430000000000003
Uruguay,2001,2.2230000000000003
Uruguay,2002,2.205
Uruguay,2003,2.188
Uruguay,2004,2.171
Uruguay,2005,2.155
Uruguay,2006,2.138
Uruguay,2007,2.122
Uruguay,2008,2.107
Uruguay,2009,2.093
Uruguay,2010,2.08
Uzbekistan,2000,2.58
Uzbekistan,2001,2.46
Uzbekistan,2002,2.52
Uzbekistan,2003,2.36
Uzbekistan,2004,2.46
Uzbekistan,2005,2.36
Uzbekistan,2006,2.39
Uzbekistan,2007,2.55
Uzbekistan,2008,2.64
Uzbekistan,2009,2.53
Uzbekistan,2010,2.499
Vanuatu,2000,4.368
Vanuatu,2001,4.268
Vanuatu,2002,4.162
Vanuatu,2003,4.056
Vanuatu,2004,3.95
Vanuatu,2005,3.851
Vanuatu,2006,3.76
Vanuatu,2007,3.679
Vanuatu,2008,3.608
Vanuatu,2009,3.549
Vanuatu,2010,3.499
"Venezuela, RB",2000,2.822
"Venezuela, RB",2001,2.779
"Venezuela, RB",2002,2.739
"Venezuela, RB",2003,2.701
"Venezuela, RB",2004,2.664
"Venezuela, RB",2005,2.629
"Venezuela, RB",2006,2.595
"Venezuela, RB",2007,2.562
"Venezuela, RB",2008,2.531
"Venezuela, RB",2009,2.501
"Venezuela, RB",2010,2.472
Vietnam,2000,1.983
Vietnam,2001,1.94
Vietnam,2002,1.918
Vietnam,2003,1.907
Vietnam,2004,1.902
Vietnam,2005,1.897
Vietnam,2006,1.889
Vietnam,2007,1.877
Vietnam,2008,1.862
Vietnam,2009,1.843
Vietnam,2010,1.82
Virgin Islands (U.S.),2000,2.055
Virgin Islands (U.S.),2001,1.9
Virgin Islands (U.S.),2002,2.113
Virgin Islands (U.S.),2003,2.006
Virgin Islands (U.S.),2004,2.068
Virgin Islands (U.S.),2005,2.111
Virgin Islands (U.S.),2006,1.95
Virgin Islands (U.S.),2007,1.915
Virgin Islands (U.S.),2008,1.88
Virgin Islands (U.S.),2009,1.845
Virgin Islands (U.S.),2010,1.8
West Bank and Gaza,2000,5.404
West Bank and Gaza,2001,5.247999999999998
West Bank and Gaza,2002,5.1
West Bank and Gaza,2003,4.958
West Bank and Gaza,2004,4.823
West Bank and Gaza,2005,4.697
West Bank and Gaza,2006,4.581
West Bank and Gaza,2007,4.476
West Bank and Gaza,2008,4.381
West Bank and Gaza,2009,4.295
West Bank and Gaza,2010,4.216
"Yemen, Rep.",2000,6.363
"Yemen, Rep.",2001,6.166
"Yemen, Rep.",2002,5.975
"Yemen, Rep.",2003,5.782
"Yemen, Rep.",2004,5.587999999999999
"Yemen, Rep.",2005,5.393
"Yemen, Rep.",2006,5.199
"Yemen, Rep.",2007,5.01
"Yemen, Rep.",2008,4.829
"Yemen, Rep.",2009,4.658
"Yemen, Rep.",2010,4.498
Zambia,2000,6.0710000000000015
Zambia,2001,6.044
Zambia,2002,6.018
Zambia,2003,5.995
Zambia,2004,5.974
Zambia,2005,5.954
Zambia,2006,5.932
Zambia,2007,5.908
Zambia,2008,5.881
Zambia,2009,5.849
Zambia,2010,5.813
Zimbabwe,2000,4.069
Zimbabwe,2001,4.039
Zimbabwe,2002,4.018
Zimbabwe,2003,4.002
Zimbabwe,2004,3.987
Zimbabwe,2005,3.969
Zimbabwe,2006,3.941
Zimbabwe,2007,3.903
Zimbabwe,2008,3.853
Zimbabwe,2009,3.792
Zimbabwe,2010,3.721
